/*
 Navicat Premium Data Transfer

 Source Server         : mysql
 Source Server Type    : MySQL
 Source Server Version : 50718
 Source Host           : localhost:3306
 Source Schema         : graduation_authority

 Target Server Type    : MySQL
 Target Server Version : 50718
 File Encoding         : 65001

 Date: 14/05/2020 09:50:53
*/

SET NAMES utf8mb4;
SET FOREIGN_KEY_CHECKS = 0;

-- ----------------------------
-- Table structure for clientdetails
-- ----------------------------
DROP TABLE IF EXISTS `clientdetails`;
CREATE TABLE `clientdetails`  (
  `appId` varchar(128) CHARACTER SET utf8 COLLATE utf8_general_ci NOT NULL,
  `resourceIds` varchar(256) CHARACTER SET utf8 COLLATE utf8_general_ci NULL DEFAULT NULL,
  `appSecret` varchar(256) CHARACTER SET utf8 COLLATE utf8_general_ci NULL DEFAULT NULL,
  `scope` varchar(256) CHARACTER SET utf8 COLLATE utf8_general_ci NULL DEFAULT NULL,
  `grantTypes` varchar(256) CHARACTER SET utf8 COLLATE utf8_general_ci NULL DEFAULT NULL,
  `redirectUrl` varchar(256) CHARACTER SET utf8 COLLATE utf8_general_ci NULL DEFAULT NULL,
  `authorities` varchar(256) CHARACTER SET utf8 COLLATE utf8_general_ci NULL DEFAULT NULL,
  `access_token_validity` int(11) NULL DEFAULT NULL,
  `refresh_token_validity` int(11) NULL DEFAULT NULL,
  `additionalInformation` varchar(4096) CHARACTER SET utf8 COLLATE utf8_general_ci NULL DEFAULT NULL,
  `autoApproveScopes` varchar(256) CHARACTER SET utf8 COLLATE utf8_general_ci NULL DEFAULT NULL,
  PRIMARY KEY (`appId`) USING BTREE
) ENGINE = InnoDB CHARACTER SET = utf8 COLLATE = utf8_general_ci ROW_FORMAT = Dynamic;

-- ----------------------------
-- Records of clientdetails
-- ----------------------------
INSERT INTO `clientdetails` VALUES ('client', NULL, '$2a$10$kKZ/JpIaUW0q5..mqkWT/uNHDKmFOa1Ku.8xs7.WaKkPIMhAowHYG', 'app', 'authorization_code,password,client_credentials,implicit', 'https://www.baidu.com', NULL, NULL, NULL, NULL, NULL);

-- ----------------------------
-- Table structure for oauth_access_token
-- ----------------------------
DROP TABLE IF EXISTS `oauth_access_token`;
CREATE TABLE `oauth_access_token`  (
  `token_id` varchar(256) CHARACTER SET utf8 COLLATE utf8_general_ci NULL DEFAULT NULL,
  `token` blob NULL,
  `authentication_id` varchar(128) CHARACTER SET utf8 COLLATE utf8_general_ci NOT NULL,
  `user_name` varchar(256) CHARACTER SET utf8 COLLATE utf8_general_ci NULL DEFAULT NULL,
  `client_id` varchar(256) CHARACTER SET utf8 COLLATE utf8_general_ci NULL DEFAULT NULL,
  `authentication` blob NULL,
  `refresh_token` varchar(256) CHARACTER SET utf8 COLLATE utf8_general_ci NULL DEFAULT NULL,
  PRIMARY KEY (`authentication_id`) USING BTREE
) ENGINE = InnoDB CHARACTER SET = utf8 COLLATE = utf8_general_ci ROW_FORMAT = Dynamic;

-- ----------------------------
-- Records of oauth_access_token
-- ----------------------------
INSERT INTO `oauth_access_token` VALUES ('c296f81f3d1a279e33c095e6ddd6b47a', 0xACED0005737200436F72672E737072696E676672616D65776F726B2E73656375726974792E6F61757468322E636F6D6D6F6E2E44656661756C744F4175746832416363657373546F6B656E0CB29E361B24FACE0200064C00156164646974696F6E616C496E666F726D6174696F6E74000F4C6A6176612F7574696C2F4D61703B4C000A65787069726174696F6E7400104C6A6176612F7574696C2F446174653B4C000C72656672657368546F6B656E74003F4C6F72672F737072696E676672616D65776F726B2F73656375726974792F6F61757468322F636F6D6D6F6E2F4F417574683252656672657368546F6B656E3B4C000573636F706574000F4C6A6176612F7574696C2F5365743B4C0009746F6B656E547970657400124C6A6176612F6C616E672F537472696E673B4C000576616C756571007E000578707372001E6A6176612E7574696C2E436F6C6C656374696F6E7324456D7074794D6170593614855ADCE7D002000078707372000E6A6176612E7574696C2E44617465686A81014B597419030000787077080000016EE15E7D617870737200256A6176612E7574696C2E436F6C6C656374696F6E7324556E6D6F6469666961626C65536574801D92D18F9B80550200007872002C6A6176612E7574696C2E436F6C6C656374696F6E7324556E6D6F6469666961626C65436F6C6C656374696F6E19420080CB5EF71E0200014C0001637400164C6A6176612F7574696C2F436F6C6C656374696F6E3B7870737200176A6176612E7574696C2E4C696E6B656448617368536574D86CD75A95DD2A1E020000787200116A6176612E7574696C2E48617368536574BA44859596B8B7340300007870770C000000023F400000000000017400036170707874000662656172657274002436343164316462622D376635662D343062372D626537662D363231623366323639366538, '287b1b4095d75bc94942ea499ad78a0c', 'user', 'client', 0xACED0005737200416F72672E737072696E676672616D65776F726B2E73656375726974792E6F61757468322E70726F76696465722E4F417574683241757468656E7469636174696F6EBD400B02166252130200024C000D73746F7265645265717565737474003C4C6F72672F737072696E676672616D65776F726B2F73656375726974792F6F61757468322F70726F76696465722F4F4175746832526571756573743B4C00127573657241757468656E7469636174696F6E7400324C6F72672F737072696E676672616D65776F726B2F73656375726974792F636F72652F41757468656E7469636174696F6E3B787200476F72672E737072696E676672616D65776F726B2E73656375726974792E61757468656E7469636174696F6E2E416273747261637441757468656E7469636174696F6E546F6B656ED3AA287E6E47640E0200035A000D61757468656E746963617465644C000B617574686F7269746965737400164C6A6176612F7574696C2F436F6C6C656374696F6E3B4C000764657461696C737400124C6A6176612F6C616E672F4F626A6563743B787000737200266A6176612E7574696C2E436F6C6C656374696F6E7324556E6D6F6469666961626C654C697374FC0F2531B5EC8E100200014C00046C6973747400104C6A6176612F7574696C2F4C6973743B7872002C6A6176612E7574696C2E436F6C6C656374696F6E7324556E6D6F6469666961626C65436F6C6C656374696F6E19420080CB5EF71E0200014C00016371007E00047870737200136A6176612E7574696C2E41727261794C6973747881D21D99C7619D03000149000473697A65787000000001770400000001737200426F72672E737072696E676672616D65776F726B2E73656375726974792E636F72652E617574686F726974792E53696D706C654772616E746564417574686F7269747900000000000002080200014C0004726F6C657400124C6A6176612F6C616E672F537472696E673B7870740009524F4C455F555345527871007E000C707372003A6F72672E737072696E676672616D65776F726B2E73656375726974792E6F61757468322E70726F76696465722E4F41757468325265717565737400000000000000010200075A0008617070726F7665644C000B617574686F72697469657371007E00044C000A657874656E73696F6E7374000F4C6A6176612F7574696C2F4D61703B4C000B726564697265637455726971007E000E4C00077265667265736874003B4C6F72672F737072696E676672616D65776F726B2F73656375726974792F6F61757468322F70726F76696465722F546F6B656E526571756573743B4C000B7265736F7572636549647374000F4C6A6176612F7574696C2F5365743B4C000D726573706F6E7365547970657371007E0014787200386F72672E737072696E676672616D65776F726B2E73656375726974792E6F61757468322E70726F76696465722E426173655265717565737436287A3EA37169BD0200034C0008636C69656E74496471007E000E4C001172657175657374506172616D657465727371007E00124C000573636F706571007E00147870740006636C69656E74737200256A6176612E7574696C2E436F6C6C656374696F6E7324556E6D6F6469666961626C654D6170F1A5A8FE74F507420200014C00016D71007E00127870737200116A6176612E7574696C2E486173684D61700507DAC1C31660D103000246000A6C6F6164466163746F724900097468726573686F6C6478703F400000000000067708000000080000000474000D726573706F6E73655F74797065740004636F6465740004636F64657400064E545663364474000A6772616E745F74797065740012617574686F72697A6174696F6E5F636F6465740009636C69656E745F696471007E001778737200256A6176612E7574696C2E436F6C6C656374696F6E7324556E6D6F6469666961626C65536574801D92D18F9B80550200007871007E0009737200176A6176612E7574696C2E4C696E6B656448617368536574D86CD75A95DD2A1E020000787200116A6176612E7574696C2E48617368536574BA44859596B8B7340300007870770C000000103F4000000000000174000361707078017371007E0026770C000000103F40000000000000787371007E001A3F40000000000000770800000010000000007874001568747470733A2F2F7777772E62616964752E636F6D707371007E0026770C000000103F40000000000000787371007E0026770C000000103F4000000000000171007E001D787372004F6F72672E737072696E676672616D65776F726B2E73656375726974792E61757468656E7469636174696F6E2E557365726E616D6550617373776F726441757468656E7469636174696F6E546F6B656E00000000000002080200024C000B63726564656E7469616C7371007E00054C00097072696E636970616C71007E00057871007E0003017371007E00077371007E000B0000000177040000000171007E000F7871007E0031737200486F72672E737072696E676672616D65776F726B2E73656375726974792E7765622E61757468656E7469636174696F6E2E57656241757468656E7469636174696F6E44657461696C7300000000000002080200024C000D72656D6F74654164647265737371007E000E4C000973657373696F6E496471007E000E787074000F303A303A303A303A303A303A303A31740020334530323344363134353042304431464333384438433238414334353543444470737200326F72672E737072696E676672616D65776F726B2E73656375726974792E636F72652E7573657264657461696C732E5573657200000000000002080200075A00116163636F756E744E6F6E457870697265645A00106163636F756E744E6F6E4C6F636B65645A001563726564656E7469616C734E6F6E457870697265645A0007656E61626C65644C000B617574686F72697469657371007E00144C000870617373776F726471007E000E4C0008757365726E616D6571007E000E7870010101017371007E0023737200116A6176612E7574696C2E54726565536574DD98509395ED875B0300007870737200466F72672E737072696E676672616D65776F726B2E73656375726974792E636F72652E7573657264657461696C732E5573657224417574686F72697479436F6D70617261746F720000000000000208020000787077040000000171007E000F787074000475736572, NULL);
INSERT INTO `oauth_access_token` VALUES ('e37ba35835ae64f8794ccc7216656548', 0xACED0005737200436F72672E737072696E676672616D65776F726B2E73656375726974792E6F61757468322E636F6D6D6F6E2E44656661756C744F4175746832416363657373546F6B656E0CB29E361B24FACE0200064C00156164646974696F6E616C496E666F726D6174696F6E74000F4C6A6176612F7574696C2F4D61703B4C000A65787069726174696F6E7400104C6A6176612F7574696C2F446174653B4C000C72656672657368546F6B656E74003F4C6F72672F737072696E676672616D65776F726B2F73656375726974792F6F61757468322F636F6D6D6F6E2F4F417574683252656672657368546F6B656E3B4C000573636F706574000F4C6A6176612F7574696C2F5365743B4C0009746F6B656E547970657400124C6A6176612F6C616E672F537472696E673B4C000576616C756571007E00057870737200176A6176612E7574696C2E4C696E6B6564486173684D617034C04E5C106CC0FB0200015A000B6163636573734F72646572787200116A6176612E7574696C2E486173684D61700507DAC1C31660D103000246000A6C6F6164466163746F724900097468726573686F6C6478703F4000000000000C770800000010000000017400036A746974002433623534636537642D303134382D343531622D396463382D32303865656631643734343478007372000E6A6176612E7574696C2E44617465686A81014B597419030000787077080000017070FFAC6D7870737200256A6176612E7574696C2E436F6C6C656374696F6E7324556E6D6F6469666961626C65536574801D92D18F9B80550200007872002C6A6176612E7574696C2E436F6C6C656374696F6E7324556E6D6F6469666961626C65436F6C6C656374696F6E19420080CB5EF71E0200014C0001637400164C6A6176612F7574696C2F436F6C6C656374696F6E3B7870737200176A6176612E7574696C2E4C696E6B656448617368536574D86CD75A95DD2A1E020000787200116A6176612E7574696C2E48617368536574BA44859596B8B7340300007870770C000000023F400000000000017400036170707874000662656172657274021D65794A68624763694F694A49557A49314E694973496E523563434936496B705856434A392E65794A6C654841694F6A45314F4449304E444D334E6A6773496E567A5A584A66626D46745A534936496E706F64584A6C62694973496D463164476876636D6C306157567A496A7062496E4E6C636E5A6C63694973496D566B64574E6864476C7662694973496E526C59574E6F6157356E5657357064434973496D466B62576C7561584E30636D463061573975496977696432397961794973496E526C59574E6F4969776955336C7A644756744969776962334A6E59573570656D463061573975545746755957646C6257567564434973496E4A6C63325668636D4E6F49697769644756685932686C636B6C755A6D3979625746306157397549697769596D467A61574E4A626D5A76636D316864476C7662694973496D463359584A6B496977695A47463059556C75644756795A6D466A5A534973496D463164476876636D6C3065553168626D466E5A57316C626E51694C434A6D5957317062486B6958537769616E5270496A6F694D3249314E474E6C4E3251744D4445304F4330304E5446694C546C6B597A67744D6A41345A57566D4D5751334E44513049697769593278705A57353058326C6B496A6F69593278705A5735304969776963324E76634755694F6C736959584277496C31392E6E676758346E5331436E38587A3036586151485339664F5A494763682D773670326E327856336A6D63356F, '59cb4a64aa3107b20d730fe66d3c9f4c', 'zhuren', 'client', 0xACED0005737200416F72672E737072696E676672616D65776F726B2E73656375726974792E6F61757468322E70726F76696465722E4F417574683241757468656E7469636174696F6EBD400B02166252130200024C000D73746F7265645265717565737474003C4C6F72672F737072696E676672616D65776F726B2F73656375726974792F6F61757468322F70726F76696465722F4F4175746832526571756573743B4C00127573657241757468656E7469636174696F6E7400324C6F72672F737072696E676672616D65776F726B2F73656375726974792F636F72652F41757468656E7469636174696F6E3B787200476F72672E737072696E676672616D65776F726B2E73656375726974792E61757468656E7469636174696F6E2E416273747261637441757468656E7469636174696F6E546F6B656ED3AA287E6E47640E0200035A000D61757468656E746963617465644C000B617574686F7269746965737400164C6A6176612F7574696C2F436F6C6C656374696F6E3B4C000764657461696C737400124C6A6176612F6C616E672F4F626A6563743B787000737200266A6176612E7574696C2E436F6C6C656374696F6E7324556E6D6F6469666961626C654C697374FC0F2531B5EC8E100200014C00046C6973747400104C6A6176612F7574696C2F4C6973743B7872002C6A6176612E7574696C2E436F6C6C656374696F6E7324556E6D6F6469666961626C65436F6C6C656374696F6E19420080CB5EF71E0200014C00016371007E00047870737200136A6176612E7574696C2E41727261794C6973747881D21D99C7619D03000149000473697A6578700000000F77040000000F737200426F72672E737072696E676672616D65776F726B2E73656375726974792E636F72652E617574686F726974792E53696D706C654772616E746564417574686F7269747900000000000002080200014C0004726F6C657400124C6A6176612F6C616E672F537472696E673B787074000653797374656D7371007E000D74000E61646D696E697374726174696F6E7371007E000D740013617574686F726974794D616E6167656D656E747371007E000D74000561776172647371007E000D7400106261736963496E666F726D6174696F6E7371007E000D74000D64617461496E746572666163657371007E000D740009656475636174696F6E7371007E000D74000666616D696C797371007E000D7400166F7267616E697A6174696F6E4D616E6167656D656E747371007E000D74000872657365617263687371007E000D7400067365727665727371007E000D74000574656163687371007E000D74001274656163686572496E666F726D6174696F6E7371007E000D74000C7465616368696E67556E69747371007E000D740004776F726B7871007E000C707372003A6F72672E737072696E676672616D65776F726B2E73656375726974792E6F61757468322E70726F76696465722E4F41757468325265717565737400000000000000010200075A0008617070726F7665644C000B617574686F72697469657371007E00044C000A657874656E73696F6E7374000F4C6A6176612F7574696C2F4D61703B4C000B726564697265637455726971007E000E4C00077265667265736874003B4C6F72672F737072696E676672616D65776F726B2F73656375726974792F6F61757468322F70726F76696465722F546F6B656E526571756573743B4C000B7265736F7572636549647374000F4C6A6176612F7574696C2F5365743B4C000D726573706F6E7365547970657371007E0030787200386F72672E737072696E676672616D65776F726B2E73656375726974792E6F61757468322E70726F76696465722E426173655265717565737436287A3EA37169BD0200034C0008636C69656E74496471007E000E4C001172657175657374506172616D657465727371007E002E4C000573636F706571007E00307870740006636C69656E74737200256A6176612E7574696C2E436F6C6C656374696F6E7324556E6D6F6469666961626C654D6170F1A5A8FE74F507420200014C00016D71007E002E7870737200116A6176612E7574696C2E486173684D61700507DAC1C31660D103000246000A6C6F6164466163746F724900097468726573686F6C6478703F400000000000067708000000080000000474000872656D656D62657274000566616C736574000A6772616E745F7479706574000870617373776F7264740009636C69656E745F6964740006636C69656E74740008757365726E616D657400067A687572656E78737200256A6176612E7574696C2E436F6C6C656374696F6E7324556E6D6F6469666961626C65536574801D92D18F9B80550200007871007E0009737200176A6176612E7574696C2E4C696E6B656448617368536574D86CD75A95DD2A1E020000787200116A6176612E7574696C2E48617368536574BA44859596B8B7340300007870770C000000103F4000000000000174000361707078017371007E0043770C000000103F40000000000000787371007E00363F40000000000000770800000010000000007870707371007E0043770C000000103F40000000000000787371007E0043770C000000103F40000000000000787372004F6F72672E737072696E676672616D65776F726B2E73656375726974792E61757468656E7469636174696F6E2E557365726E616D6550617373776F726441757468656E7469636174696F6E546F6B656E00000000000002080200024C000B63726564656E7469616C7371007E00054C00097072696E636970616C71007E00057871007E0003017371007E00077371007E000B0000000F77040000000F71007E000F71007E001171007E001371007E001571007E001771007E001971007E001B71007E001D71007E001F71007E002171007E002371007E002571007E002771007E002971007E002B7871007E004D737200176A6176612E7574696C2E4C696E6B6564486173684D617034C04E5C106CC0FB0200015A000B6163636573734F726465727871007E00363F4000000000000C7708000000100000000571007E003871007E003971007E003A71007E003B74000D636C69656E745F73656372657474000673656372657471007E003C71007E003D71007E003E71007E003F780070737200326F72672E737072696E676672616D65776F726B2E73656375726974792E636F72652E7573657264657461696C732E5573657200000000000002080200075A00116163636F756E744E6F6E457870697265645A00106163636F756E744E6F6E4C6F636B65645A001563726564656E7469616C734E6F6E457870697265645A0007656E61626C65644C000B617574686F72697469657371007E00304C000870617373776F726471007E000E4C0008757365726E616D6571007E000E7870010101017371007E0040737200116A6176612E7574696C2E54726565536574DD98509395ED875B0300007870737200466F72672E737072696E676672616D65776F726B2E73656375726974792E636F72652E7573657264657461696C732E5573657224417574686F72697479436F6D70617261746F720000000000000208020000787077040000000F71007E000F71007E001171007E001371007E001571007E001771007E001971007E001B71007E001D71007E001F71007E002171007E002371007E002571007E002771007E002971007E002B78707400067A687572656E, NULL);
INSERT INTO `oauth_access_token` VALUES ('c4aaef78131a19a5a70ad46a905876be', 0xACED0005737200436F72672E737072696E676672616D65776F726B2E73656375726974792E6F61757468322E636F6D6D6F6E2E44656661756C744F4175746832416363657373546F6B656E0CB29E361B24FACE0200064C00156164646974696F6E616C496E666F726D6174696F6E74000F4C6A6176612F7574696C2F4D61703B4C000A65787069726174696F6E7400104C6A6176612F7574696C2F446174653B4C000C72656672657368546F6B656E74003F4C6F72672F737072696E676672616D65776F726B2F73656375726974792F6F61757468322F636F6D6D6F6E2F4F417574683252656672657368546F6B656E3B4C000573636F706574000F4C6A6176612F7574696C2F5365743B4C0009746F6B656E547970657400124C6A6176612F6C616E672F537472696E673B4C000576616C756571007E000578707372001E6A6176612E7574696C2E436F6C6C656374696F6E7324456D7074794D6170593614855ADCE7D002000078707372000E6A6176612E7574696C2E44617465686A81014B597419030000787077080000017072FB5C4C7870737200256A6176612E7574696C2E436F6C6C656374696F6E7324556E6D6F6469666961626C65536574801D92D18F9B80550200007872002C6A6176612E7574696C2E436F6C6C656374696F6E7324556E6D6F6469666961626C65436F6C6C656374696F6E19420080CB5EF71E0200014C0001637400164C6A6176612F7574696C2F436F6C6C656374696F6E3B7870737200176A6176612E7574696C2E4C696E6B656448617368536574D86CD75A95DD2A1E020000787200116A6176612E7574696C2E48617368536574BA44859596B8B7340300007870770C000000023F400000000000017400036170707874000662656172657274002465323530336561372D343362622D343532302D383336652D626630373636323934373164, '8502edc3f4c61f1000b1932e6a3756f1', 'admin', 'client', 0xACED0005737200416F72672E737072696E676672616D65776F726B2E73656375726974792E6F61757468322E70726F76696465722E4F417574683241757468656E7469636174696F6EBD400B02166252130200024C000D73746F7265645265717565737474003C4C6F72672F737072696E676672616D65776F726B2F73656375726974792F6F61757468322F70726F76696465722F4F4175746832526571756573743B4C00127573657241757468656E7469636174696F6E7400324C6F72672F737072696E676672616D65776F726B2F73656375726974792F636F72652F41757468656E7469636174696F6E3B787200476F72672E737072696E676672616D65776F726B2E73656375726974792E61757468656E7469636174696F6E2E416273747261637441757468656E7469636174696F6E546F6B656ED3AA287E6E47640E0200035A000D61757468656E746963617465644C000B617574686F7269746965737400164C6A6176612F7574696C2F436F6C6C656374696F6E3B4C000764657461696C737400124C6A6176612F6C616E672F4F626A6563743B787000737200266A6176612E7574696C2E436F6C6C656374696F6E7324556E6D6F6469666961626C654C697374FC0F2531B5EC8E100200014C00046C6973747400104C6A6176612F7574696C2F4C6973743B7872002C6A6176612E7574696C2E436F6C6C656374696F6E7324556E6D6F6469666961626C65436F6C6C656374696F6E19420080CB5EF71E0200014C00016371007E00047870737200136A6176612E7574696C2E41727261794C6973747881D21D99C7619D03000149000473697A65787000000008770400000008737200426F72672E737072696E676672616D65776F726B2E73656375726974792E636F72652E617574686F726974792E53696D706C654772616E746564417574686F7269747900000000000002080200014C0004726F6C657400124C6A6176612F6C616E672F537472696E673B7870740001317371007E000D74000653797374656D7371007E000D74000953797374656D4469637371007E000D74000953797374656D4C6F677371007E000D74000B53797374656D4F617574687371007E000D74001053797374656D5065726D697373696F6E7371007E000D74000A53797374656D526F6C657371007E000D74000A53797374656D557365727871007E000C707372003A6F72672E737072696E676672616D65776F726B2E73656375726974792E6F61757468322E70726F76696465722E4F41757468325265717565737400000000000000010200075A0008617070726F7665644C000B617574686F72697469657371007E00044C000A657874656E73696F6E7374000F4C6A6176612F7574696C2F4D61703B4C000B726564697265637455726971007E000E4C00077265667265736874003B4C6F72672F737072696E676672616D65776F726B2F73656375726974792F6F61757468322F70726F76696465722F546F6B656E526571756573743B4C000B7265736F7572636549647374000F4C6A6176612F7574696C2F5365743B4C000D726573706F6E7365547970657371007E0022787200386F72672E737072696E676672616D65776F726B2E73656375726974792E6F61757468322E70726F76696465722E426173655265717565737436287A3EA37169BD0200034C0008636C69656E74496471007E000E4C001172657175657374506172616D657465727371007E00204C000573636F706571007E00227870740006636C69656E74737200256A6176612E7574696C2E436F6C6C656374696F6E7324556E6D6F6469666961626C654D6170F1A5A8FE74F507420200014C00016D71007E00207870737200116A6176612E7574696C2E486173684D61700507DAC1C31660D103000246000A6C6F6164466163746F724900097468726573686F6C6478703F400000000000067708000000080000000474000872656D656D62657274000566616C736574000A6772616E745F7479706574000870617373776F7264740009636C69656E745F6964740006636C69656E74740008757365726E616D6574000561646D696E78737200256A6176612E7574696C2E436F6C6C656374696F6E7324556E6D6F6469666961626C65536574801D92D18F9B80550200007871007E0009737200176A6176612E7574696C2E4C696E6B656448617368536574D86CD75A95DD2A1E020000787200116A6176612E7574696C2E48617368536574BA44859596B8B7340300007870770C000000103F4000000000000174000361707078017371007E0035770C000000103F40000000000000787371007E00283F40000000000000770800000010000000007870707371007E0035770C000000103F40000000000000787371007E0035770C000000103F40000000000000787372004F6F72672E737072696E676672616D65776F726B2E73656375726974792E61757468656E7469636174696F6E2E557365726E616D6550617373776F726441757468656E7469636174696F6E546F6B656E00000000000002080200024C000B63726564656E7469616C7371007E00054C00097072696E636970616C71007E00057871007E0003017371007E00077371007E000B0000000877040000000871007E000F71007E001171007E001371007E001571007E001771007E001971007E001B71007E001D7871007E003F737200176A6176612E7574696C2E4C696E6B6564486173684D617034C04E5C106CC0FB0200015A000B6163636573734F726465727871007E00283F4000000000000C7708000000100000000571007E002A71007E002B71007E002C71007E002D74000D636C69656E745F73656372657474000673656372657471007E002E71007E002F71007E003071007E0031780070737200326F72672E737072696E676672616D65776F726B2E73656375726974792E636F72652E7573657264657461696C732E5573657200000000000002080200075A00116163636F756E744E6F6E457870697265645A00106163636F756E744E6F6E4C6F636B65645A001563726564656E7469616C734E6F6E457870697265645A0007656E61626C65644C000B617574686F72697469657371007E00224C000870617373776F726471007E000E4C0008757365726E616D6571007E000E7870010101017371007E0032737200116A6176612E7574696C2E54726565536574DD98509395ED875B0300007870737200466F72672E737072696E676672616D65776F726B2E73656375726974792E636F72652E7573657264657461696C732E5573657224417574686F72697479436F6D70617261746F720000000000000208020000787077040000000871007E000F71007E001171007E001371007E001571007E001771007E001971007E001B71007E001D787074000561646D696E, NULL);
INSERT INTO `oauth_access_token` VALUES ('aba7f8ab47a78fc82d798f9ec1a3593a', 0xACED0005737200436F72672E737072696E676672616D65776F726B2E73656375726974792E6F61757468322E636F6D6D6F6E2E44656661756C744F4175746832416363657373546F6B656E0CB29E361B24FACE0200064C00156164646974696F6E616C496E666F726D6174696F6E74000F4C6A6176612F7574696C2F4D61703B4C000A65787069726174696F6E7400104C6A6176612F7574696C2F446174653B4C000C72656672657368546F6B656E74003F4C6F72672F737072696E676672616D65776F726B2F73656375726974792F6F61757468322F636F6D6D6F6E2F4F417574683252656672657368546F6B656E3B4C000573636F706574000F4C6A6176612F7574696C2F5365743B4C0009746F6B656E547970657400124C6A6176612F6C616E672F537472696E673B4C000576616C756571007E00057870737200176A6176612E7574696C2E4C696E6B6564486173684D617034C04E5C106CC0FB0200015A000B6163636573734F72646572787200116A6176612E7574696C2E486173684D61700507DAC1C31660D103000246000A6C6F6164466163746F724900097468726573686F6C6478703F4000000000000C770800000010000000017400036A746974002437616239656263352D383236652D343861612D393861312D61396132636430356132316178007372000E6A6176612E7574696C2E44617465686A81014B597419030000787077080000017070FE963A7870737200256A6176612E7574696C2E436F6C6C656374696F6E7324556E6D6F6469666961626C65536574801D92D18F9B80550200007872002C6A6176612E7574696C2E436F6C6C656374696F6E7324556E6D6F6469666961626C65436F6C6C656374696F6E19420080CB5EF71E0200014C0001637400164C6A6176612F7574696C2F436F6C6C656374696F6E3B7870737200176A6176612E7574696C2E4C696E6B656448617368536574D86CD75A95DD2A1E020000787200116A6176612E7574696C2E48617368536574BA44859596B8B7340300007870770C000000023F400000000000017400036170707874000662656172657274011565794A68624763694F694A49557A49314E694973496E523563434936496B705856434A392E65794A6C654841694F6A45314F4449304E444D324F546373496E567A5A584A66626D46745A534936496E526C59574E6F5A5849694C434A686458526F62334A7064476C6C6379493657794A5465584E305A57306958537769616E5270496A6F694E3246694F575669597A55744F4449325A5330304F4746684C546B345954457459546C684D6D4E6B4D4456684D6A466849697769593278705A57353058326C6B496A6F69593278705A5735304969776963324E76634755694F6C736959584277496C31392E797A50714A786C665A4F647965586B6E515142317663316B4A736D336C6A307A7A6E49676A66727A465849, '956079370109ee49615f47fb479dad05', 'teacher', 'client', 0xACED0005737200416F72672E737072696E676672616D65776F726B2E73656375726974792E6F61757468322E70726F76696465722E4F417574683241757468656E7469636174696F6EBD400B02166252130200024C000D73746F7265645265717565737474003C4C6F72672F737072696E676672616D65776F726B2F73656375726974792F6F61757468322F70726F76696465722F4F4175746832526571756573743B4C00127573657241757468656E7469636174696F6E7400324C6F72672F737072696E676672616D65776F726B2F73656375726974792F636F72652F41757468656E7469636174696F6E3B787200476F72672E737072696E676672616D65776F726B2E73656375726974792E61757468656E7469636174696F6E2E416273747261637441757468656E7469636174696F6E546F6B656ED3AA287E6E47640E0200035A000D61757468656E746963617465644C000B617574686F7269746965737400164C6A6176612F7574696C2F436F6C6C656374696F6E3B4C000764657461696C737400124C6A6176612F6C616E672F4F626A6563743B787000737200266A6176612E7574696C2E436F6C6C656374696F6E7324556E6D6F6469666961626C654C697374FC0F2531B5EC8E100200014C00046C6973747400104C6A6176612F7574696C2F4C6973743B7872002C6A6176612E7574696C2E436F6C6C656374696F6E7324556E6D6F6469666961626C65436F6C6C656374696F6E19420080CB5EF71E0200014C00016371007E00047870737200136A6176612E7574696C2E41727261794C6973747881D21D99C7619D03000149000473697A65787000000001770400000001737200426F72672E737072696E676672616D65776F726B2E73656375726974792E636F72652E617574686F726974792E53696D706C654772616E746564417574686F7269747900000000000002080200014C0004726F6C657400124C6A6176612F6C616E672F537472696E673B787074000653797374656D7871007E000C707372003A6F72672E737072696E676672616D65776F726B2E73656375726974792E6F61757468322E70726F76696465722E4F41757468325265717565737400000000000000010200075A0008617070726F7665644C000B617574686F72697469657371007E00044C000A657874656E73696F6E7374000F4C6A6176612F7574696C2F4D61703B4C000B726564697265637455726971007E000E4C00077265667265736874003B4C6F72672F737072696E676672616D65776F726B2F73656375726974792F6F61757468322F70726F76696465722F546F6B656E526571756573743B4C000B7265736F7572636549647374000F4C6A6176612F7574696C2F5365743B4C000D726573706F6E7365547970657371007E0014787200386F72672E737072696E676672616D65776F726B2E73656375726974792E6F61757468322E70726F76696465722E426173655265717565737436287A3EA37169BD0200034C0008636C69656E74496471007E000E4C001172657175657374506172616D657465727371007E00124C000573636F706571007E00147870740006636C69656E74737200256A6176612E7574696C2E436F6C6C656374696F6E7324556E6D6F6469666961626C654D6170F1A5A8FE74F507420200014C00016D71007E00127870737200116A6176612E7574696C2E486173684D61700507DAC1C31660D103000246000A6C6F6164466163746F724900097468726573686F6C6478703F400000000000067708000000080000000474000872656D656D62657274000566616C736574000A6772616E745F7479706574000870617373776F7264740009636C69656E745F6964740006636C69656E74740008757365726E616D657400077465616368657278737200256A6176612E7574696C2E436F6C6C656374696F6E7324556E6D6F6469666961626C65536574801D92D18F9B80550200007871007E0009737200176A6176612E7574696C2E4C696E6B656448617368536574D86CD75A95DD2A1E020000787200116A6176612E7574696C2E48617368536574BA44859596B8B7340300007870770C000000103F4000000000000174000361707078017371007E0027770C000000103F40000000000000787371007E001A3F40000000000000770800000010000000007870707371007E0027770C000000103F40000000000000787371007E0027770C000000103F40000000000000787372004F6F72672E737072696E676672616D65776F726B2E73656375726974792E61757468656E7469636174696F6E2E557365726E616D6550617373776F726441757468656E7469636174696F6E546F6B656E00000000000002080200024C000B63726564656E7469616C7371007E00054C00097072696E636970616C71007E00057871007E0003017371007E00077371007E000B0000000177040000000171007E000F7871007E0031737200176A6176612E7574696C2E4C696E6B6564486173684D617034C04E5C106CC0FB0200015A000B6163636573734F726465727871007E001A3F4000000000000C7708000000100000000571007E001C71007E001D71007E001E71007E001F74000D636C69656E745F73656372657474000673656372657471007E002071007E002171007E002271007E0023780070737200326F72672E737072696E676672616D65776F726B2E73656375726974792E636F72652E7573657264657461696C732E5573657200000000000002080200075A00116163636F756E744E6F6E457870697265645A00106163636F756E744E6F6E4C6F636B65645A001563726564656E7469616C734E6F6E457870697265645A0007656E61626C65644C000B617574686F72697469657371007E00144C000870617373776F726471007E000E4C0008757365726E616D6571007E000E7870010101017371007E0024737200116A6176612E7574696C2E54726565536574DD98509395ED875B0300007870737200466F72672E737072696E676672616D65776F726B2E73656375726974792E636F72652E7573657264657461696C732E5573657224417574686F72697479436F6D70617261746F720000000000000208020000787077040000000171007E000F787074000774656163686572, NULL);

-- ----------------------------
-- Table structure for oauth_approvals
-- ----------------------------
DROP TABLE IF EXISTS `oauth_approvals`;
CREATE TABLE `oauth_approvals`  (
  `userId` varchar(256) CHARACTER SET utf8 COLLATE utf8_general_ci NULL DEFAULT NULL,
  `clientId` varchar(256) CHARACTER SET utf8 COLLATE utf8_general_ci NULL DEFAULT NULL,
  `scope` varchar(256) CHARACTER SET utf8 COLLATE utf8_general_ci NULL DEFAULT NULL,
  `status` varchar(10) CHARACTER SET utf8 COLLATE utf8_general_ci NULL DEFAULT NULL,
  `expiresAt` timestamp(0) NULL DEFAULT NULL,
  `lastModifiedAt` timestamp(0) NULL DEFAULT NULL
) ENGINE = InnoDB CHARACTER SET = utf8 COLLATE = utf8_general_ci ROW_FORMAT = Dynamic;

-- ----------------------------
-- Table structure for oauth_client_details
-- ----------------------------
DROP TABLE IF EXISTS `oauth_client_details`;
CREATE TABLE `oauth_client_details`  (
  `client_id` varchar(128) CHARACTER SET utf8 COLLATE utf8_general_ci NOT NULL,
  `resource_ids` varchar(256) CHARACTER SET utf8 COLLATE utf8_general_ci NULL DEFAULT NULL,
  `client_secret` varchar(256) CHARACTER SET utf8 COLLATE utf8_general_ci NULL DEFAULT NULL,
  `scope` varchar(256) CHARACTER SET utf8 COLLATE utf8_general_ci NULL DEFAULT NULL,
  `authorized_grant_types` varchar(256) CHARACTER SET utf8 COLLATE utf8_general_ci NULL DEFAULT NULL,
  `web_server_redirect_uri` varchar(256) CHARACTER SET utf8 COLLATE utf8_general_ci NULL DEFAULT NULL,
  `authorities` varchar(256) CHARACTER SET utf8 COLLATE utf8_general_ci NULL DEFAULT NULL,
  `access_token_validity` int(11) NULL DEFAULT NULL,
  `refresh_token_validity` int(11) NULL DEFAULT NULL,
  `additional_information` varchar(4096) CHARACTER SET utf8 COLLATE utf8_general_ci NULL DEFAULT NULL,
  `autoapprove` varchar(256) CHARACTER SET utf8 COLLATE utf8_general_ci NULL DEFAULT NULL,
  PRIMARY KEY (`client_id`) USING BTREE
) ENGINE = InnoDB CHARACTER SET = utf8 COLLATE = utf8_general_ci ROW_FORMAT = Dynamic;

-- ----------------------------
-- Records of oauth_client_details
-- ----------------------------
INSERT INTO `oauth_client_details` VALUES ('client', NULL, '$2a$10$MC0YiLjMbA5JkcykP8SCr./ZR3orcggIOJqRcjTjZRXp5ky73yKdW', 'app', 'authorization_code,password', 'https://www.baidu.com', NULL, NULL, NULL, NULL, NULL);

-- ----------------------------
-- Table structure for oauth_client_token
-- ----------------------------
DROP TABLE IF EXISTS `oauth_client_token`;
CREATE TABLE `oauth_client_token`  (
  `token_id` varchar(256) CHARACTER SET utf8 COLLATE utf8_general_ci NULL DEFAULT NULL,
  `token` blob NULL,
  `authentication_id` varchar(128) CHARACTER SET utf8 COLLATE utf8_general_ci NOT NULL,
  `user_name` varchar(256) CHARACTER SET utf8 COLLATE utf8_general_ci NULL DEFAULT NULL,
  `client_id` varchar(256) CHARACTER SET utf8 COLLATE utf8_general_ci NULL DEFAULT NULL,
  PRIMARY KEY (`authentication_id`) USING BTREE
) ENGINE = InnoDB CHARACTER SET = utf8 COLLATE = utf8_general_ci ROW_FORMAT = Dynamic;

-- ----------------------------
-- Table structure for oauth_code
-- ----------------------------
DROP TABLE IF EXISTS `oauth_code`;
CREATE TABLE `oauth_code`  (
  `code` varchar(256) CHARACTER SET utf8 COLLATE utf8_general_ci NULL DEFAULT NULL,
  `authentication` blob NULL
) ENGINE = InnoDB CHARACTER SET = utf8 COLLATE = utf8_general_ci ROW_FORMAT = Dynamic;

-- ----------------------------
-- Table structure for oauth_refresh_token
-- ----------------------------
DROP TABLE IF EXISTS `oauth_refresh_token`;
CREATE TABLE `oauth_refresh_token`  (
  `token_id` varchar(256) CHARACTER SET utf8 COLLATE utf8_general_ci NULL DEFAULT NULL,
  `token` blob NULL,
  `authentication` blob NULL
) ENGINE = InnoDB CHARACTER SET = utf8 COLLATE = utf8_general_ci ROW_FORMAT = Dynamic;

-- ----------------------------
-- Table structure for sys_dict
-- ----------------------------
DROP TABLE IF EXISTS `sys_dict`;
CREATE TABLE `sys_dict`  (
  `id` bigint(18) NOT NULL AUTO_INCREMENT COMMENT 'id',
  `pid` int(11) NULL DEFAULT 0 COMMENT ' 父ID ',
  `data_type` varchar(50) CHARACTER SET utf8 COLLATE utf8_general_ci NOT NULL COMMENT ' 数据类别,首字母大写 ',
  `data_code` varchar(50) CHARACTER SET utf8 COLLATE utf8_general_ci NOT NULL COMMENT ' 数据编码 ',
  `data_value` varchar(200) CHARACTER SET utf8 COLLATE utf8_general_ci NOT NULL COMMENT ' 数据名称/值 ',
  `sort_no` int(11) UNSIGNED NULL DEFAULT 1 COMMENT ' 顺序 ',
  `status` tinyint(2) NULL DEFAULT 0 COMMENT '0正常,1删除',
  `data_desc` varchar(400) CHARACTER SET utf8 COLLATE utf8_general_ci NULL DEFAULT NULL COMMENT '数据描述',
  `update_time` timestamp(0) NULL DEFAULT CURRENT_TIMESTAMP(0) ON UPDATE CURRENT_TIMESTAMP(0),
  PRIMARY KEY (`id`) USING BTREE,
  UNIQUE INDEX `G_SYS_DICT_PK`(`id`) USING BTREE,
  INDEX `idx_dc_dt`(`data_type`, `data_code`) USING BTREE
) ENGINE = InnoDB AUTO_INCREMENT = 703190457932451849 CHARACTER SET = utf8 COLLATE = utf8_general_ci COMMENT = '系统字典表' ROW_FORMAT = Dynamic;

-- ----------------------------
-- Records of sys_dict
-- ----------------------------
INSERT INTO `sys_dict` VALUES (38, 0, '1', '1', '1', 1, 0, NULL, '2020-04-24 10:27:23');
INSERT INTO `sys_dict` VALUES (703190457890508800, 0, 'TeacherTitle', 'TeachingAssistant', '助教', 1, 0, NULL, '2020-04-24 10:28:45');
INSERT INTO `sys_dict` VALUES (703190457890508801, 0, 'TeacherTitle', 'Lecturer', '讲师', 1, 0, NULL, '2020-04-24 10:28:46');
INSERT INTO `sys_dict` VALUES (703190457890508802, 0, 'TeacherTitle', 'AssociateProfessor', '副教授', 1, 0, NULL, '2020-04-24 10:28:46');
INSERT INTO `sys_dict` VALUES (703190457890508803, 0, 'TeacherTitle', 'Professor', '教授', 1, 0, NULL, '2020-04-24 10:28:46');
INSERT INTO `sys_dict` VALUES (703190457894703104, 0, '1', '1', '1', 1, 0, NULL, '2020-04-24 10:28:46');
INSERT INTO `sys_dict` VALUES (703190457894703105, 0, '1', '1', '1', 1, 0, NULL, '2020-04-24 10:28:55');
INSERT INTO `sys_dict` VALUES (703190457894703106, 0, '1', '1', '1', 1, 0, NULL, '2020-04-24 10:28:46');
INSERT INTO `sys_dict` VALUES (703190457894703107, 0, '1', '1', '1', 1, 0, NULL, '2020-04-24 10:28:46');
INSERT INTO `sys_dict` VALUES (703190457894703108, 0, '1', '1', '1', 1, 0, NULL, '2020-04-24 10:28:46');
INSERT INTO `sys_dict` VALUES (703190457894703109, 0, '1', '1', '1', 1, 0, NULL, '2020-04-24 10:28:46');
INSERT INTO `sys_dict` VALUES (703190457894703110, 0, '1', '1', '1', 1, 0, NULL, '2020-04-24 10:28:46');
INSERT INTO `sys_dict` VALUES (703190457894703111, 0, '1', '1', '1', 1, 0, NULL, '2020-04-24 10:28:46');
INSERT INTO `sys_dict` VALUES (703190457894703112, 0, '1', '1', '1', 1, 0, NULL, '2020-04-24 10:28:46');
INSERT INTO `sys_dict` VALUES (703190457894703113, 0, '1', '1', '1', 1, 0, NULL, '2020-04-24 10:28:46');
INSERT INTO `sys_dict` VALUES (703190457894703114, 0, '1', '1', '1', 1, 0, NULL, '2020-04-24 10:28:46');
INSERT INTO `sys_dict` VALUES (703190457894703115, 0, '1', '1', '1', 1, 0, NULL, '2020-04-24 10:28:46');
INSERT INTO `sys_dict` VALUES (703190457894703116, 0, '1', '1', '1', 1, 0, NULL, '2020-04-24 10:28:46');
INSERT INTO `sys_dict` VALUES (703190457894703117, 0, '1', '1', '1', 1, 0, NULL, '2020-04-24 10:28:46');
INSERT INTO `sys_dict` VALUES (703190457898897408, 0, '1', '1', '1', 1, 0, NULL, '2020-04-24 10:28:46');
INSERT INTO `sys_dict` VALUES (703190457898897409, 0, '1', '1', '1', 1, 0, NULL, '2020-04-24 10:28:46');
INSERT INTO `sys_dict` VALUES (703190457898897410, 0, '1', '1', '1', 1, 0, NULL, '2020-04-24 10:28:46');
INSERT INTO `sys_dict` VALUES (703190457898897411, 0, '1', '1', '1', 1, 0, NULL, '2020-04-24 10:28:46');
INSERT INTO `sys_dict` VALUES (703190457898897412, 0, '1', '1', '1', 1, 0, NULL, '2020-04-24 10:28:46');
INSERT INTO `sys_dict` VALUES (703190457903091712, 0, '1', '1', '1', 1, 0, NULL, '2020-04-24 10:28:46');
INSERT INTO `sys_dict` VALUES (703190457903091713, 0, '1', '1', '1', 1, 0, NULL, '2020-04-24 10:28:46');
INSERT INTO `sys_dict` VALUES (703190457903091714, 0, '1', '1', '1', 1, 0, NULL, '2020-04-24 10:28:46');
INSERT INTO `sys_dict` VALUES (703190457903091715, 0, '1', '1', '1', 1, 0, NULL, '2020-04-24 10:28:46');
INSERT INTO `sys_dict` VALUES (703190457903091716, 0, '1', '1', '1', 1, 0, NULL, '2020-04-24 10:28:47');
INSERT INTO `sys_dict` VALUES (703190457903091717, 0, '1', '1', '1', 1, 0, NULL, '2020-04-24 10:28:47');
INSERT INTO `sys_dict` VALUES (703190457932451840, 0, '1', '1', '1', 1, 0, NULL, '2020-04-24 10:28:47');
INSERT INTO `sys_dict` VALUES (703190457932451841, 0, '1', '1', '1', 1, 0, NULL, '2020-04-24 10:28:47');
INSERT INTO `sys_dict` VALUES (703190457932451842, 0, '1', '1', '1', 1, 0, NULL, '2020-04-24 10:28:47');
INSERT INTO `sys_dict` VALUES (703190457932451843, 0, '1', '1', '1', 1, 0, NULL, '2020-04-24 10:28:47');
INSERT INTO `sys_dict` VALUES (703190457932451844, 0, '1', '1', '1', 1, 0, NULL, '2020-04-24 10:28:47');
INSERT INTO `sys_dict` VALUES (703190457932451845, 0, '1', '1', '1', 1, 0, NULL, '2020-04-24 10:28:47');
INSERT INTO `sys_dict` VALUES (703190457932451846, 0, '1', '1', '1', 1, 0, NULL, '2020-04-24 10:28:47');
INSERT INTO `sys_dict` VALUES (703190457932451847, 0, '1', '1', '1', 1, 0, NULL, '2020-04-24 10:28:47');
INSERT INTO `sys_dict` VALUES (703190457932451848, 0, '1', '1', '1', 1, 0, NULL, '2020-04-24 10:28:47');

-- ----------------------------
-- Table structure for tb_menu
-- ----------------------------
DROP TABLE IF EXISTS `tb_menu`;
CREATE TABLE `tb_menu`  (
  `ID` bigint(18) NOT NULL AUTO_INCREMENT COMMENT 'id',
  `NAME` varchar(255) CHARACTER SET utf8 COLLATE utf8_general_ci NOT NULL COMMENT '菜单名称',
  `PARENT_ID` bigint(18) NOT NULL DEFAULT 999 COMMENT '父级id',
  `PATH` varchar(255) CHARACTER SET utf8 COLLATE utf8_general_ci NULL DEFAULT NULL COMMENT '路径',
  `STATUS` int(2) NULL DEFAULT NULL COMMENT '状态',
  `CODE` varchar(255) CHARACTER SET utf8 COLLATE utf8_general_ci NULL DEFAULT NULL COMMENT '编码',
  `ICON` varchar(255) CHARACTER SET utf8 COLLATE utf8_general_ci NULL DEFAULT NULL COMMENT '图标',
  `ODR` int(8) NULL DEFAULT NULL COMMENT '排序',
  PRIMARY KEY (`ID`) USING BTREE
) ENGINE = InnoDB AUTO_INCREMENT = 160008 CHARACTER SET = utf8 COLLATE = utf8_general_ci ROW_FORMAT = Dynamic;

-- ----------------------------
-- Records of tb_menu
-- ----------------------------
INSERT INTO `tb_menu` VALUES (100001, '教师信息', -1, NULL, 0, 'teacherInformation', 'iconfont icon-jiaoshixinxiguanli', NULL);
INSERT INTO `tb_menu` VALUES (100002, '个人信息管理', -1, NULL, 0, 'informationManagement', 'el-icon-folder-opened', NULL);
INSERT INTO `tb_menu` VALUES (100003, '组织机构管理', -1, NULL, 0, 'organizationManagement', 'iconfont icon-zuzhijigou', NULL);
INSERT INTO `tb_menu` VALUES (100004, '系统管理', -1, NULL, 0, 'authorityManagement', 'iconfont icon-quanxian', NULL);
INSERT INTO `tb_menu` VALUES (100005, '数据接口', -1, NULL, 0, 'dataInterface', 'iconfont icon-shujujiekouguanli', NULL);
INSERT INTO `tb_menu` VALUES (100006, '服务治理', -1, NULL, 0, 'server', 'iconfont icon-fuwuzhili', NULL);
INSERT INTO `tb_menu` VALUES (110001, '基础信息', 100001, '/basicInformation', 0, 'basicInformation', 'iconfont icon-jcxx-nor', NULL);
INSERT INTO `tb_menu` VALUES (110002, '受教育情况', 100001, '/education', 0, 'education', 'iconfont icon-jiaoyu', NULL);
INSERT INTO `tb_menu` VALUES (110003, '工作情况', 100001, '/work', 0, 'work', 'el-icon-monitor', NULL);
INSERT INTO `tb_menu` VALUES (110004, '家庭情况', 100001, '/family', 0, 'family', 'iconfont icon-jiating', NULL);
INSERT INTO `tb_menu` VALUES (110005, '教学活动', 100001, '/teach', 0, 'teach', 'iconfont icon-jiaoxue', NULL);
INSERT INTO `tb_menu` VALUES (110006, '科研活动', 100001, '/research', 0, 'research', 'iconfont icon-keyan', NULL);
INSERT INTO `tb_menu` VALUES (110007, '获奖信息', 100001, '/award', 0, 'award', 'iconfont icon-huojiang', NULL);
INSERT INTO `tb_menu` VALUES (120001, '信息管理', 100002, '/infoMaintenance/info', 0, NULL, 'el-icon-c-scale-to-original', NULL);
INSERT INTO `tb_menu` VALUES (120002, '版本管理', 100002, '/infoMaintenance/versions', 0, NULL, 'el-icon-edit-outline', NULL);
INSERT INTO `tb_menu` VALUES (130001, '行政机构', 100003, '/org/admin', 0, 'administration', 'iconfont icon-hangzheng', NULL);
INSERT INTO `tb_menu` VALUES (130002, '教学单位', 100003, '/org/unit', 0, 'teachingUnit', 'iconfont icon-jiaoxuedanwei', NULL);
INSERT INTO `tb_menu` VALUES (140001, '用户管理', 100004, '/sys/user', 0, 'user', 'el-icon-user', NULL);
INSERT INTO `tb_menu` VALUES (140002, '角色管理', 100004, '/sys/role', 0, 'role', 'el-icon-s-custom', NULL);
INSERT INTO `tb_menu` VALUES (140003, '资源管理', 100004, '/sys/permission', 0, 'permission', 'el-icon-folder-opened', NULL);
INSERT INTO `tb_menu` VALUES (140004, '字典管理', 100004, '/sys/dict', 1, 'dictionary', NULL, NULL);
INSERT INTO `tb_menu` VALUES (140005, '日志记录', 100004, '/sys/log', 1, 'logging', NULL, NULL);
INSERT INTO `tb_menu` VALUES (160001, 'Eureka', 100006, '/service/eureka', 0, 'eureka', 'iconfont icon-Eureka', NULL);
INSERT INTO `tb_menu` VALUES (160002, 'Sentinel', 100006, '/service/sentinel', 1, 'sentinel', 'iconfont icon-Sentinel', NULL);
INSERT INTO `tb_menu` VALUES (160003, 'Nacos', 100006, '/service/nacos', 1, 'nacos', 'iconfont icon-service-nacos', NULL);
INSERT INTO `tb_menu` VALUES (160004, 'RabbitMQ', 100006, '/service/rabbitMQ', 0, 'rabbitMQ', 'iconfont icon-rabbitmq', NULL);
INSERT INTO `tb_menu` VALUES (160005, 'SkyWalking', 100006, '/service/skyWalking', 0, 'skyWalking', 'iconfont ', NULL);
INSERT INTO `tb_menu` VALUES (160006, 'AdminServer', 100006, '/service/adminServer', 1, 'adminServer', 'iconfont icon-Dashboard-selected', NULL);
INSERT INTO `tb_menu` VALUES (160007, 'Swagger-ui', 100006, '/service/swaggerUi', 0, 'swaggerUi', 'iconfont ', NULL);

-- ----------------------------
-- Table structure for tb_permission
-- ----------------------------
DROP TABLE IF EXISTS `tb_permission`;
CREATE TABLE `tb_permission`  (
  `id` bigint(20) NOT NULL AUTO_INCREMENT,
  `parent_id` bigint(20) NULL DEFAULT 999 COMMENT '父权限',
  `name` varchar(64) CHARACTER SET utf8 COLLATE utf8_general_ci NOT NULL COMMENT '权限名称',
  `enname` varchar(64) CHARACTER SET utf8 COLLATE utf8_general_ci NOT NULL COMMENT '权限英文名称',
  `url` varchar(255) CHARACTER SET utf8 COLLATE utf8_general_ci NOT NULL COMMENT '授权路径',
  `description` varchar(200) CHARACTER SET utf8 COLLATE utf8_general_ci NULL DEFAULT NULL COMMENT '备注',
  `created` timestamp(0) NOT NULL DEFAULT CURRENT_TIMESTAMP(0),
  `updated` timestamp(0) NOT NULL DEFAULT CURRENT_TIMESTAMP(0) ON UPDATE CURRENT_TIMESTAMP(0),
  PRIMARY KEY (`id`) USING BTREE
) ENGINE = InnoDB AUTO_INCREMENT = 702949889457786897 CHARACTER SET = utf8 COLLATE = utf8_general_ci COMMENT = '权限表' ROW_FORMAT = Dynamic;

-- ----------------------------
-- Records of tb_permission
-- ----------------------------
INSERT INTO `tb_permission` VALUES (1, 0, '系统管理', 'System', '/', '', '2019-04-04 23:22:54', '2020-02-21 14:31:13');
INSERT INTO `tb_permission` VALUES (2, 1, '授权认证', 'SystemOauth', '/api/oauth/', '', '2019-04-04 23:25:31', '2020-02-22 15:03:57');
INSERT INTO `tb_permission` VALUES (3, 1, '用户管理', 'SystemUser', '/api/sys/user/', '用户管理', '2019-04-04 15:30:30', '2020-04-24 15:21:21');
INSERT INTO `tb_permission` VALUES (4, 1, '角色管理', 'SystemRole', '/api/sys/role/', '角色管理', '2019-04-04 15:30:31', '2020-04-24 15:21:21');
INSERT INTO `tb_permission` VALUES (5, 1, '权限管理', 'SystemPermission', '/api/sys/permission/', '资源管理', '2019-04-04 15:30:32', '2020-04-24 15:21:21');
INSERT INTO `tb_permission` VALUES (6, 1, '日志管理', 'SystemLog', '', '', '2019-04-04 15:30:48', '2020-04-24 15:21:22');
INSERT INTO `tb_permission` VALUES (7, 1, '字典管理', 'SystemDic', '', '', '2019-04-04 23:25:31', '2020-04-24 15:21:22');
INSERT INTO `tb_permission` VALUES (8, 1, '1', '1', '1', '', '2019-04-06 23:49:39', '2020-04-24 15:21:22');
INSERT INTO `tb_permission` VALUES (9, 9, '1', '11', '1', '', '2019-04-06 23:51:00', '2020-02-29 15:25:35');
INSERT INTO `tb_permission` VALUES (11, 11, '教学单位', 'TeachUnit', '/api/ui/teachUnit/', '教学单位管理', '2019-04-06 23:51:08', '2020-04-24 15:09:53');
INSERT INTO `tb_permission` VALUES (13, 3, '删除用户', 'DeleteUser', '/api/sys/user/deleteUser/', '删除用户--根据id', '2020-02-28 23:10:36', '2020-04-24 15:06:32');
INSERT INTO `tb_permission` VALUES (14, 5, '分页查询资源', 'QueryAllPermission', '/api/sys/permission/allPermission/', '\r\n查询所有资源--分页', '2020-02-29 16:46:32', '2020-03-05 18:31:23');
INSERT INTO `tb_permission` VALUES (15, 5, '删除资源', 'DeletePermission', '/api/sys/permission/deletePermission/', '\r\n删除权限资源--根据id', '2020-03-05 18:22:53', '2020-03-05 18:31:43');
INSERT INTO `tb_permission` VALUES (16, 5, '删除角色资源', 'DeleteRolePermission', '/api/sys/permission/deleteRolePermission/', '\r\n删除角色-权限资源--批量', '2020-03-05 18:23:25', '2020-04-24 14:57:19');
INSERT INTO `tb_permission` VALUES (17, 5, '新增资源', 'InsertPermission', '/api/sys/permission/insertPermission/', '新增权限资源', '2020-03-05 18:23:46', '2020-04-24 14:57:22');
INSERT INTO `tb_permission` VALUES (18, 5, '新增角色资源', 'InsertRolePermission', '/api/sys/permission/insertRolePermission/', '新增角色-权限资源', '2020-03-05 18:24:30', '2020-04-24 14:57:24');
INSERT INTO `tb_permission` VALUES (19, 5, '删除资源', 'MultipleDeletePermission', '/api/sys/permission/multipleDeletePermission/', '删除权限资源--批量', '2020-03-05 18:25:01', '2020-04-24 14:57:26');
INSERT INTO `tb_permission` VALUES (20, 5, '查看角色资源', 'QueryPermissionByRoleId', '/api/sys/permission/queryPermissionByRoleId/', '\r\n通过角色Id查看资源', '2020-03-05 18:25:26', '2020-04-24 14:57:27');
INSERT INTO `tb_permission` VALUES (21, 5, '更新权限资源', 'UpdatePermission', '/api/sys/permission/updatePermission/', '更新权限资源', '2020-03-05 18:26:00', '2020-04-24 14:57:29');
INSERT INTO `tb_permission` VALUES (22, 5, '更新角色菜单', 'MultipleInsertRoleMenu', '/api/sys/permission/multipleInsertRoleMenu/', '更新角色拥有的菜单', '2020-03-05 18:26:10', '2020-04-24 15:00:53');
INSERT INTO `tb_permission` VALUES (23, 5, '更新角色资源', 'MultipleInsertRolePermission', '/api/sys/permission/multipleInsertRolePermission/', '更新角色拥有的资源', '2020-03-05 18:26:16', '2020-04-24 15:04:44');
INSERT INTO `tb_permission` VALUES (24, 5, '查询角色资源、菜单', 'Tree', '/api/sys/permission/tree/', '查询角色拥有的资源、菜单', '2020-03-05 18:26:22', '2020-04-24 15:04:40');
INSERT INTO `tb_permission` VALUES (25, 3, '新增角色', 'InsertUser', '/api/sys/user/insertUser/', '新增角色', '2020-03-05 18:26:40', '2020-04-24 15:07:32');
INSERT INTO `tb_permission` VALUES (26, 3, '删除用户', 'MultipleDeleteUser', '/api/sys/user/multipleDeleteUser/', '删除用户--批量', '2020-03-05 18:26:45', '2020-04-24 15:08:28');
INSERT INTO `tb_permission` VALUES (27, 3, '更新角色', 'UpdateUser', '/api/sys/user/updateUser/', '更新角色', '2020-03-05 18:27:12', '2020-04-24 15:09:27');
INSERT INTO `tb_permission` VALUES (702949889457786880, 3, '查询所有用户', 'AllUser', '/api/sys/user/allUser/', '查询所有用户--分页', '2020-04-23 18:31:53', '2020-04-24 15:05:43');
INSERT INTO `tb_permission` VALUES (702949889457786881, 1, '菜单管理', 'Menu', '/api/sys/menu/', '菜单管理', '2020-04-24 15:11:34', '2020-04-24 15:21:50');
INSERT INTO `tb_permission` VALUES (702949889457786882, 702949889457786881, '用户id查询目录菜单', 'MenuInfo', '/api/sys/menu/menuInfo/', '根据用户id查询目录菜单', '2020-04-24 15:11:39', '2020-04-24 15:14:56');
INSERT INTO `tb_permission` VALUES (702949889457786883, 4, '查询所有角色', 'AllRole', '/api/sys/role/allRole/', '查询所有角色--分页', '2020-04-24 15:11:45', '2020-04-24 15:21:00');
INSERT INTO `tb_permission` VALUES (702949889457786884, 4, '删除权限资源', 'DeleteRole', '/api/sys/role/deleteRole/', '删除权限资源--根据id', '2020-04-24 15:11:49', '2020-04-24 15:21:00');
INSERT INTO `tb_permission` VALUES (702949889457786885, 4, '新增角色', 'InsertRole', '/api/sys/role/insertRole/', '新增角色', '2020-04-24 15:11:59', '2020-04-24 15:21:00');
INSERT INTO `tb_permission` VALUES (702949889457786886, 4, '批量删除权限资源', 'MultipleDeleteRole', '\r\n/api/sys/role/multipleDeleteRole/', '删除权限资源--批量', '2020-04-24 15:12:03', '2020-04-24 15:21:00');
INSERT INTO `tb_permission` VALUES (702949889457786887, 4, '更新用户角色', 'MultipleInsertUserRole', '/api/sys/role/multipleInsertUserRole/', '更新用户拥有的角色', '2020-04-24 15:12:07', '2020-04-24 15:21:00');
INSERT INTO `tb_permission` VALUES (702949889457786888, 4, '查询用户角色', 'QueryByUserId', '/api/sys/role/queryByUserId/', '查询用户拥有的角色', '2020-04-24 15:12:11', '2020-04-24 15:21:00');
INSERT INTO `tb_permission` VALUES (702949889457786889, 4, '更新角色', 'UpdateRole', '/api/sys/role/updateRole/', '更新角色', '2020-04-24 15:12:15', '2020-04-24 15:21:00');
INSERT INTO `tb_permission` VALUES (702949889457786890, 999, '1', '1', '1', NULL, '2020-04-24 15:12:20', '2020-04-24 15:12:20');
INSERT INTO `tb_permission` VALUES (702949889457786891, 999, '1', '11', '1', NULL, '2020-04-24 15:12:24', '2020-04-24 15:12:24');
INSERT INTO `tb_permission` VALUES (702949889457786892, 999, '1', '1', '1', NULL, '2020-04-24 15:12:33', '2020-04-24 15:12:33');
INSERT INTO `tb_permission` VALUES (702949889457786893, 999, '1', '1', '1', NULL, '2020-04-24 15:12:37', '2020-04-24 15:12:37');
INSERT INTO `tb_permission` VALUES (702949889457786894, 999, '1', '1', '1', NULL, '2020-04-24 15:12:41', '2020-04-24 15:12:41');
INSERT INTO `tb_permission` VALUES (702949889457786895, 999, '1', '1', '1', NULL, '2020-04-24 15:12:50', '2020-04-24 15:12:50');
INSERT INTO `tb_permission` VALUES (702949889457786896, 999, '1', '1', '1', NULL, '2020-04-24 15:12:50', '2020-04-24 15:12:50');

-- ----------------------------
-- Table structure for tb_role
-- ----------------------------
DROP TABLE IF EXISTS `tb_role`;
CREATE TABLE `tb_role`  (
  `id` bigint(20) NOT NULL AUTO_INCREMENT,
  `parent_id` bigint(20) NULL DEFAULT 0 COMMENT '父角色',
  `name` varchar(64) CHARACTER SET utf8 COLLATE utf8_general_ci NOT NULL COMMENT '角色名称',
  `enname` varchar(64) CHARACTER SET utf8 COLLATE utf8_general_ci NOT NULL COMMENT '角色英文名称',
  `description` varchar(200) CHARACTER SET utf8 COLLATE utf8_general_ci NULL DEFAULT NULL COMMENT '备注',
  `created` timestamp(0) NOT NULL DEFAULT CURRENT_TIMESTAMP(0),
  `updated` timestamp(0) NOT NULL DEFAULT CURRENT_TIMESTAMP(0) ON UPDATE CURRENT_TIMESTAMP(0),
  `status` int(2) NULL DEFAULT NULL COMMENT '状态',
  `type` tinyint(2) NULL DEFAULT NULL COMMENT '类型',
  PRIMARY KEY (`id`) USING BTREE
) ENGINE = InnoDB AUTO_INCREMENT = 103 CHARACTER SET = utf8 COLLATE = utf8_general_ci COMMENT = '角色表' ROW_FORMAT = Dynamic;

-- ----------------------------
-- Records of tb_role
-- ----------------------------
INSERT INTO `tb_role` VALUES (1, 0, '超级管理员', 'admin', '', '2019-04-04 23:22:03', '2020-04-08 14:57:29', NULL, 0);
INSERT INTO `tb_role` VALUES (2, 0, '主任', 'director', '', '2020-02-16 14:51:16', '2020-04-08 14:57:29', NULL, 0);
INSERT INTO `tb_role` VALUES (3, 0, '教师', 'teacher', '', '2020-02-16 14:51:37', '2020-04-08 14:57:29', NULL, 0);
INSERT INTO `tb_role` VALUES (11, 1, '管理员', 'administrator', NULL, '2020-04-08 15:09:32', '2020-04-08 15:09:32', NULL, 0);
INSERT INTO `tb_role` VALUES (100, 1, 'web_超级管理员', 'webAdmin', '', '2020-02-23 14:25:54', '2020-04-08 14:57:29', NULL, 1);
INSERT INTO `tb_role` VALUES (101, 1, 'web_主任', 'webDirector', '', '2020-02-23 14:26:31', '2020-04-08 14:57:29', NULL, 1);
INSERT INTO `tb_role` VALUES (102, 1, 'web_教师', 'webTeacher', '', '2020-02-23 14:26:53', '2020-04-08 14:57:29', NULL, 1);

-- ----------------------------
-- Table structure for tb_role_menu
-- ----------------------------
DROP TABLE IF EXISTS `tb_role_menu`;
CREATE TABLE `tb_role_menu`  (
  `id` bigint(20) NOT NULL AUTO_INCREMENT,
  `role_id` bigint(20) NOT NULL COMMENT '角色ID',
  `menu_id` bigint(20) NOT NULL COMMENT '菜单ID',
  PRIMARY KEY (`id`) USING BTREE
) ENGINE = InnoDB AUTO_INCREMENT = 702902074610290699 CHARACTER SET = utf8 COLLATE = utf8_general_ci ROW_FORMAT = Dynamic;

-- ----------------------------
-- Records of tb_role_menu
-- ----------------------------
INSERT INTO `tb_role_menu` VALUES (1, 100, 100001);
INSERT INTO `tb_role_menu` VALUES (2, 100, 100002);
INSERT INTO `tb_role_menu` VALUES (3, 100, 100003);
INSERT INTO `tb_role_menu` VALUES (4, 100, 100004);
INSERT INTO `tb_role_menu` VALUES (5, 100, 100005);
INSERT INTO `tb_role_menu` VALUES (6, 100, 100006);
INSERT INTO `tb_role_menu` VALUES (7, 100, 110001);
INSERT INTO `tb_role_menu` VALUES (8, 100, 110002);
INSERT INTO `tb_role_menu` VALUES (9, 100, 110003);
INSERT INTO `tb_role_menu` VALUES (10, 100, 110004);
INSERT INTO `tb_role_menu` VALUES (11, 100, 110005);
INSERT INTO `tb_role_menu` VALUES (12, 100, 110006);
INSERT INTO `tb_role_menu` VALUES (13, 100, 110007);
INSERT INTO `tb_role_menu` VALUES (14, 100, 120001);
INSERT INTO `tb_role_menu` VALUES (15, 100, 120002);
INSERT INTO `tb_role_menu` VALUES (16, 100, 130001);
INSERT INTO `tb_role_menu` VALUES (17, 100, 130002);
INSERT INTO `tb_role_menu` VALUES (18, 100, 140001);
INSERT INTO `tb_role_menu` VALUES (19, 100, 140002);
INSERT INTO `tb_role_menu` VALUES (20, 100, 140003);
INSERT INTO `tb_role_menu` VALUES (21, 100, 140004);
INSERT INTO `tb_role_menu` VALUES (22, 100, 140005);
INSERT INTO `tb_role_menu` VALUES (23, 100, 160001);
INSERT INTO `tb_role_menu` VALUES (24, 100, 160002);
INSERT INTO `tb_role_menu` VALUES (25, 100, 160003);
INSERT INTO `tb_role_menu` VALUES (26, 100, 160004);
INSERT INTO `tb_role_menu` VALUES (27, 100, 160005);
INSERT INTO `tb_role_menu` VALUES (28, 100, 160006);
INSERT INTO `tb_role_menu` VALUES (29, 100, 160007);
INSERT INTO `tb_role_menu` VALUES (100, 101, 100001);
INSERT INTO `tb_role_menu` VALUES (101, 101, 100002);
INSERT INTO `tb_role_menu` VALUES (102, 101, 110001);
INSERT INTO `tb_role_menu` VALUES (103, 101, 110002);
INSERT INTO `tb_role_menu` VALUES (104, 101, 110003);
INSERT INTO `tb_role_menu` VALUES (105, 101, 110004);
INSERT INTO `tb_role_menu` VALUES (106, 101, 110005);
INSERT INTO `tb_role_menu` VALUES (107, 101, 110006);
INSERT INTO `tb_role_menu` VALUES (108, 101, 110007);
INSERT INTO `tb_role_menu` VALUES (109, 101, 120001);
INSERT INTO `tb_role_menu` VALUES (110, 101, 120002);
INSERT INTO `tb_role_menu` VALUES (200, 102, 110001);
INSERT INTO `tb_role_menu` VALUES (201, 102, 110002);
INSERT INTO `tb_role_menu` VALUES (202, 102, 110003);
INSERT INTO `tb_role_menu` VALUES (203, 102, 110004);
INSERT INTO `tb_role_menu` VALUES (204, 102, 110005);
INSERT INTO `tb_role_menu` VALUES (205, 102, 110006);
INSERT INTO `tb_role_menu` VALUES (206, 102, 110007);
INSERT INTO `tb_role_menu` VALUES (702902074610290688, 110, 100001);
INSERT INTO `tb_role_menu` VALUES (702902074610290689, 110, 110001);
INSERT INTO `tb_role_menu` VALUES (702902074610290690, 110, 110002);
INSERT INTO `tb_role_menu` VALUES (702902074610290691, 110, 110003);
INSERT INTO `tb_role_menu` VALUES (702902074610290692, 110, 110004);
INSERT INTO `tb_role_menu` VALUES (702902074610290693, 110, 110005);
INSERT INTO `tb_role_menu` VALUES (702902074610290694, 110, 110006);
INSERT INTO `tb_role_menu` VALUES (702902074610290695, 110, 110007);
INSERT INTO `tb_role_menu` VALUES (702902074610290696, 110, 100002);
INSERT INTO `tb_role_menu` VALUES (702902074610290697, 110, 120001);
INSERT INTO `tb_role_menu` VALUES (702902074610290698, 110, 120002);

-- ----------------------------
-- Table structure for tb_role_permission
-- ----------------------------
DROP TABLE IF EXISTS `tb_role_permission`;
CREATE TABLE `tb_role_permission`  (
  `id` bigint(20) NOT NULL AUTO_INCREMENT,
  `role_id` bigint(20) NOT NULL COMMENT '角色 ID',
  `permission_id` bigint(20) NOT NULL COMMENT '权限 ID',
  PRIMARY KEY (`id`) USING BTREE
) ENGINE = InnoDB AUTO_INCREMENT = 702901987599454217 CHARACTER SET = utf8 COLLATE = utf8_general_ci COMMENT = '角色权限表' ROW_FORMAT = Dynamic;

-- ----------------------------
-- Records of tb_role_permission
-- ----------------------------
INSERT INTO `tb_role_permission` VALUES (1, 1, 1);
INSERT INTO `tb_role_permission` VALUES (2, 1, 2);
INSERT INTO `tb_role_permission` VALUES (3, 1, 3);
INSERT INTO `tb_role_permission` VALUES (4, 1, 4);
INSERT INTO `tb_role_permission` VALUES (5, 1, 5);
INSERT INTO `tb_role_permission` VALUES (6, 1, 6);
INSERT INTO `tb_role_permission` VALUES (7, 1, 7);
INSERT INTO `tb_role_permission` VALUES (8, 1, 8);
INSERT INTO `tb_role_permission` VALUES (9, 1, 9);
INSERT INTO `tb_role_permission` VALUES (10, 1, 10);
INSERT INTO `tb_role_permission` VALUES (11, 1, 11);
INSERT INTO `tb_role_permission` VALUES (100, 2, 120);
INSERT INTO `tb_role_permission` VALUES (101, 2, 120);
INSERT INTO `tb_role_permission` VALUES (102, 2, 120);
INSERT INTO `tb_role_permission` VALUES (103, 2, 120);
INSERT INTO `tb_role_permission` VALUES (104, 2, 120);
INSERT INTO `tb_role_permission` VALUES (105, 2, 120);
INSERT INTO `tb_role_permission` VALUES (106, 2, 120);
INSERT INTO `tb_role_permission` VALUES (107, 2, 120);
INSERT INTO `tb_role_permission` VALUES (108, 2, 120);
INSERT INTO `tb_role_permission` VALUES (109, 2, 120);
INSERT INTO `tb_role_permission` VALUES (110, 2, 120);
INSERT INTO `tb_role_permission` VALUES (111, 2, 120);
INSERT INTO `tb_role_permission` VALUES (112, 2, 120);
INSERT INTO `tb_role_permission` VALUES (113, 2, 120);
INSERT INTO `tb_role_permission` VALUES (114, 2, 120);
INSERT INTO `tb_role_permission` VALUES (115, 2, 120);
INSERT INTO `tb_role_permission` VALUES (116, 2, 120);
INSERT INTO `tb_role_permission` VALUES (117, 2, 120);
INSERT INTO `tb_role_permission` VALUES (118, 2, 120);
INSERT INTO `tb_role_permission` VALUES (119, 2, 120);
INSERT INTO `tb_role_permission` VALUES (120, 2, 120);
INSERT INTO `tb_role_permission` VALUES (121, 2, 120);
INSERT INTO `tb_role_permission` VALUES (122, 2, 120);
INSERT INTO `tb_role_permission` VALUES (123, 2, 120);
INSERT INTO `tb_role_permission` VALUES (124, 2, 120);
INSERT INTO `tb_role_permission` VALUES (125, 2, 120);
INSERT INTO `tb_role_permission` VALUES (500, 3, 120);
INSERT INTO `tb_role_permission` VALUES (501, 3, 120);
INSERT INTO `tb_role_permission` VALUES (502, 3, 120);
INSERT INTO `tb_role_permission` VALUES (503, 3, 120);
INSERT INTO `tb_role_permission` VALUES (504, 3, 120);
INSERT INTO `tb_role_permission` VALUES (505, 3, 120);
INSERT INTO `tb_role_permission` VALUES (506, 3, 120);
INSERT INTO `tb_role_permission` VALUES (507, 3, 120);
INSERT INTO `tb_role_permission` VALUES (508, 3, 120);
INSERT INTO `tb_role_permission` VALUES (509, 3, 120);
INSERT INTO `tb_role_permission` VALUES (510, 3, 120);
INSERT INTO `tb_role_permission` VALUES (702901987599454208, 109, 5);
INSERT INTO `tb_role_permission` VALUES (702901987599454209, 109, 14);
INSERT INTO `tb_role_permission` VALUES (702901987599454210, 109, 15);
INSERT INTO `tb_role_permission` VALUES (702901987599454211, 109, 16);
INSERT INTO `tb_role_permission` VALUES (702901987599454212, 109, 17);
INSERT INTO `tb_role_permission` VALUES (702901987599454213, 109, 18);
INSERT INTO `tb_role_permission` VALUES (702901987599454214, 109, 19);
INSERT INTO `tb_role_permission` VALUES (702901987599454215, 109, 20);
INSERT INTO `tb_role_permission` VALUES (702901987599454216, 109, 21);

-- ----------------------------
-- Table structure for tb_user
-- ----------------------------
DROP TABLE IF EXISTS `tb_user`;
CREATE TABLE `tb_user`  (
  `id` bigint(20) NOT NULL AUTO_INCREMENT,
  `username` varchar(50) CHARACTER SET utf8 COLLATE utf8_general_ci NOT NULL COMMENT '用户名',
  `password` varchar(64) CHARACTER SET utf8 COLLATE utf8_general_ci NOT NULL COMMENT '密码，加密存储',
  `phone` varchar(20) CHARACTER SET utf8 COLLATE utf8_general_ci NULL DEFAULT NULL COMMENT '注册手机号',
  `email` varchar(50) CHARACTER SET utf8 COLLATE utf8_general_ci NULL DEFAULT NULL COMMENT '注册邮箱',
  `created` timestamp(0) NOT NULL DEFAULT CURRENT_TIMESTAMP(0),
  `updated` timestamp(0) NOT NULL DEFAULT CURRENT_TIMESTAMP(0) ON UPDATE CURRENT_TIMESTAMP(0),
  `status` int(2) NULL DEFAULT 1 COMMENT '状态',
  PRIMARY KEY (`id`) USING BTREE,
  UNIQUE INDEX `username`(`username`) USING BTREE,
  UNIQUE INDEX `phone`(`phone`) USING BTREE,
  UNIQUE INDEX `email`(`email`) USING BTREE
) ENGINE = InnoDB AUTO_INCREMENT = 707680824556261377 CHARACTER SET = utf8 COLLATE = utf8_general_ci COMMENT = '用户表' ROW_FORMAT = Dynamic;

-- ----------------------------
-- Records of tb_user
-- ----------------------------
INSERT INTO `tb_user` VALUES (1, 'admin', '$2a$10$FE1PVZpoXH0eYJ.m04ETguMDYq85liu4DwFg4YjvVPmbeeMmQ10/G', '15888888888', '29634878481@qq.com', '2019-12-09 23:21:27', '2020-04-25 17:08:11', 1);
INSERT INTO `tb_user` VALUES (2, 'zhuren', '$2a$10$j42NUv2WBD9.z0tfc65aJuwKD8JT97V/OjUr.B.Q0qmO07G7QAFva', '16000000000', '2546615651@qq.com', '2020-02-16 14:54:23', '2020-03-02 14:26:16', 1);
INSERT INTO `tb_user` VALUES (3, 'teacher', '$2a$10$x4Mhja5LP5I4DfZicPgV6uBausMvpYAgUy71Sk4h91cq7ZZIPbENO', '17000000000', '2546615652@qq.com', '2020-02-16 14:55:51', '2020-03-02 14:26:13', 1);
INSERT INTO `tb_user` VALUES (707388217989009408, 'wsy', '$2a$10$2f7PgVlBvmlB2h3l/utD..63tU1nW0DV4uaC4FR4h4PRHLYEZBvjy', '18349835676', '2568093991@qq.com', '2020-05-06 00:28:14', '2020-05-06 00:28:14', 1);
INSERT INTO `tb_user` VALUES (707680824556261376, 'test', '$2a$10$KP1.xdb1R6T12.xb9aQi6.DGKHuRkDaJgWSQ2NruSg0cMjSVfdpyu', '18142587458', 'sadsdasd@163.com', '2020-05-06 19:50:56', '2020-05-11 17:55:10', 1);

-- ----------------------------
-- Table structure for tb_user_role
-- ----------------------------
DROP TABLE IF EXISTS `tb_user_role`;
CREATE TABLE `tb_user_role`  (
  `id` bigint(20) NOT NULL AUTO_INCREMENT,
  `user_id` bigint(20) NOT NULL COMMENT '用户 ID',
  `role_id` bigint(20) NOT NULL COMMENT '角色 ID',
  PRIMARY KEY (`id`) USING BTREE
) ENGINE = InnoDB AUTO_INCREMENT = 707707281374449666 CHARACTER SET = utf8 COLLATE = utf8_general_ci COMMENT = '用户角色表' ROW_FORMAT = Dynamic;

-- ----------------------------
-- Records of tb_user_role
-- ----------------------------
INSERT INTO `tb_user_role` VALUES (2, 2, 2);
INSERT INTO `tb_user_role` VALUES (3, 3, 3);
INSERT INTO `tb_user_role` VALUES (5, 2, 101);
INSERT INTO `tb_user_role` VALUES (38, 3, 102);
INSERT INTO `tb_user_role` VALUES (702545147309068288, 1, 1);
INSERT INTO `tb_user_role` VALUES (702545147309068289, 1, 100);
INSERT INTO `tb_user_role` VALUES (707387811456094208, 10, 2);
INSERT INTO `tb_user_role` VALUES (707387811456094209, 10, 3);
INSERT INTO `tb_user_role` VALUES (707387811456094210, 10, 101);
INSERT INTO `tb_user_role` VALUES (707387811456094211, 10, 102);
INSERT INTO `tb_user_role` VALUES (707707281374449664, 707680824556261376, 2);
INSERT INTO `tb_user_role` VALUES (707707281374449665, 707680824556261376, 101);

SET FOREIGN_KEY_CHECKS = 1;
